wavelength,flux
4050.0,0.23082799
4051.18,0.24183063
4052.36,0.23539941
4053.54,0.23225555
4054.72,0.2394904
4055.9,0.25881472
4057.08,0.2479236
4058.26,0.24251483
4059.44,0.24703534
4060.62,0.238204
4061.8,0.23124588
4062.98,0.22470625
4064.16,0.2301439
4065.34,0.23452277
4066.52,0.24005643
4067.7,0.24370986
4068.88,0.23323706
4070.06,0.22863528
4071.24,0.23131265
4072.42,0.23203632
4073.6,0.22295101
4074.78,0.22887367
4075.96,0.2401471
4077.14,0.23484504
4078.32,0.22001383
4079.5,0.23457853
4080.68,0.23063773
4081.86,0.23051496
4083.04,0.24090217
4084.22,0.24259511
4085.4,0.23701969
4086.58,0.22503932
4087.76,0.22920147
4088.94,0.2299666
4090.12,0.22008683
4091.3,0.22758083
4092.48,0.24282247
4093.66,0.24071461
4094.84,0.2336473
4096.02,0.23674907
4097.2,0.24151057
4098.38,0.24951448
4099.56,0.24500155
4100.74,0.24181359
4101.92,0.23991227
4103.1,0.25517744
4104.28,0.2497416
4105.46,0.23232403
4106.64,0.23664345
4107.82,0.24053608
4109.0,0.23364215
4110.18,0.22976741
4111.36,0.23663448
4112.54,0.23340642
4113.72,0.23705958
4114.9,0.24348119
4116.08,0.23401447
4117.26,0.24661286
4118.44,0.26083809
4119.62,0.2451867
4120.8,0.24160762
4121.98,0.25076708
4123.16,0.25072089
4124.34,0.25628725
4125.52,0.25303864
4126.7,0.25150782
4127.88,0.25387934
4129.06,0.25882658
4130.24,0.2544131
4131.42,0.25181198
4132.6,0.25742888
4133.78,0.25317889
4134.96,0.25497669
4136.14,0.26075786
4137.32,0.25300536
4138.5,0.23664567
4139.68,0.24395558
4140.86,0.25497442
4142.04,0.25309163
4143.22,0.25465015
4144.4,0.25148553
4145.58,0.24260864
4146.76,0.24054551
4147.94,0.23520409
4149.12,0.24575193
4150.3,0.25395107
4151.48,0.24378054
4152.66,0.23698586
4153.84,0.2544345
4155.02,0.2598469
4156.2,0.24274969
4157.38,0.24433415
4158.56,0.2488413
4159.74,0.24893533
4160.92,0.24384482
4162.1,0.24247316
4163.28,0.24336009
4164.46,0.23276915
4165.64,0.23138072
4166.82,0.24972172
4168.0,0.25504938
4169.18,0.25003284
4170.36,0.25212514
4171.54,0.25962767
4172.72,0.26365373
4173.9,0.25406981
4175.08,0.24776959
4176.26,0.24987115
4177.44,0.24957924
4178.62,0.26091132
4179.8,0.2668035
4180.98,0.25985438
4182.16,0.25202399
4183.34,0.25818813
4184.52,0.2548033
4185.7,0.24197993
4186.88,0.24262837
4188.06,0.25238487
4189.24,0.26578665
4190.42,0.26010653
4191.6,0.24779943
4192.78,0.2486665
4193.96,0.26006365
4195.14,0.26169419
4196.32,0.25715384
4197.5,0.25820118
4198.68,0.25527754
4199.86,0.25677237
4201.04,0.25504562
4202.22,0.24495149
4203.4,0.25684038
4204.58,0.26509202
4205.76,0.25130951
4206.94,0.25212136
4208.12,0.26474842
4209.3,0.26374808
4210.48,0.2511687
4211.66,0.25499302
4212.84,0.26125231
4214.02,0.25919479
4215.2,0.27246067
4216.38,0.27682471
4217.56,0.25627771
4218.74,0.23479035
4219.92,0.23165242
4221.1,0.2384128
4222.28,0.24564998
4223.46,0.26103193
4224.64,0.26690406
4225.82,0.2604059
4227.0,0.26409379
4228.18,0.26922482
4229.36,0.26639262
4230.54,0.25663087
4231.72,0.24831152
4232.9,0.2461637
4234.08,0.25998944
4235.26,0.27755862
4236.44,0.26649341
4237.62,0.26267204
4238.8,0.28040218
4239.98,0.27919397
4241.16,0.26695687
4242.34,0.24740361
4243.52,0.23362686
4244.7,0.2324242
4245.88,0.24881314
4247.06,0.27060091
4248.24,0.26760641
4249.42,0.25534576
4250.6,0.24487574
4251.78,0.25356969
4252.96,0.26082739
4254.14,0.26184642
4255.32,0.26161143
4256.5,0.25907829
4257.68,0.25625151
4258.86,0.25437933
4260.04,0.26152885
4261.22,0.27229181
4262.4,0.26966354
4263.58,0.2605463
4264.76,0.2535961
4265.94,0.24548882
4267.12,0.23796767
4268.3,0.24456196
4269.48,0.26559317
4270.66,0.26067111
4271.84,0.26060063
4273.02,0.2675834
4274.2,0.25576937
4275.38,0.25913817
4276.56,0.25521871
4277.74,0.24945794
4278.92,0.24868113
4280.1,0.24549772
4281.28,0.25758442
4282.46,0.25196871
4283.64,0.24745056
4284.82,0.251771
4286.0,0.25259671
4287.18,0.25226429
4288.36,0.2579762
4289.54,0.25033519
4290.72,0.24090506
4291.9,0.25081691
4293.08,0.25258252
4294.26,0.24494442
4295.44,0.24639146
4296.62,0.24170354
4297.8,0.23800847
4298.98,0.23721749
4300.16,0.23376364
4301.34,0.24236129
4302.52,0.25707677
4303.7,0.25896934
4304.88,0.25529212
4306.06,0.24512619
4307.24,0.23449264
4308.42,0.23618557
4309.6,0.23605172
4310.78,0.24059112
4311.96,0.24885075
4313.14,0.24188145
4314.32,0.24603571
4315.5,0.25188017
4316.68,0.25100499
4317.86,0.25290176
4319.04,0.24702746
4320.22,0.23822136
4321.4,0.24393591
4322.58,0.24377188
4323.76,0.24785262
4324.94,0.25013763
4326.12,0.2430338
4327.3,0.24157873
4328.48,0.24181928
4329.66,0.24415292
4330.84,0.23648784
4332.02,0.23701446
4333.2,0.25449204
4334.38,0.24825729
4335.56,0.23939244
4336.74,0.2407711
4337.92,0.23984911
4339.1,0.23849338
4340.28,0.24159586
4341.46,0.24358352
4342.64,0.24253553
4343.82,0.23315494
4345.0,0.23628065
4346.18,0.23595873
4347.36,0.24600637
4348.54,0.26006031
4349.72,0.2470721
4350.9,0.24132332
4352.08,0.24464034
4353.26,0.24008539
4354.44,0.23492984
4355.62,0.2539475
4356.8,0.26948842
4357.98,0.25649112
4359.16,0.23444104
4360.34,0.24674781
4361.52,0.24466203
4362.7,0.24137828
4363.88,0.24229786
4365.06,0.24214113
4366.24,0.24466182
4367.42,0.24747156
4368.6,0.24491325
4369.78,0.24155712
4370.96,0.26003039
4372.14,0.25565243
4373.32,0.24356206
4374.5,0.23803653
4375.68,0.252056
4376.86,0.24940942
4378.04,0.25909495
4379.22,0.25406879
4380.4,0.25182202
4381.58,0.25018233
4382.76,0.25509107
4383.94,0.25432038
4385.12,0.25669521
4386.3,0.26808172
4387.48,0.26667741
4388.66,0.26054722
4389.84,0.25208563
4391.02,0.25985849
4392.2,0.25227425
4393.38,0.25228822
4394.56,0.26032427
4395.74,0.25399497
4396.92,0.26256657
4398.1,0.26591873
4399.28,0.26531968
4400.46,0.27667964
4401.64,0.27327967
4402.82,0.27194044
4404.0,0.24952868
4405.18,0.23880461
4406.36,0.25004411
4407.54,0.2607311
4408.72,0.27462846
4409.9,0.2734932
4411.08,0.26111475
4412.26,0.25959265
4413.44,0.26681399
4414.62,0.27686259
4415.8,0.27633613
4416.98,0.26839736
4418.16,0.26196063
4419.34,0.27224225
4420.52,0.27660644
4421.7,0.27288216
4422.88,0.26472783
4424.06,0.26438746
4425.24,0.26700979
4426.42,0.27855909
4427.6,0.26136562
4428.78,0.26580986
4429.96,0.26113898
4431.14,0.26345515
4432.32,0.27165613
4433.5,0.27280456
4434.68,0.27444604
4435.86,0.2853336
4437.04,0.27560058
4438.22,0.28004551
4439.4,0.26582459
4440.58,0.27025041
4441.76,0.28473717
4442.94,0.27417505
4444.12,0.27078497
4445.3,0.27495983
4446.48,0.28254476
4447.66,0.274104
4448.84,0.28204054
4450.02,0.27325743
4451.2,0.25754553
4452.38,0.28197145
4453.56,0.29299438
4454.74,0.28849342
4455.92,0.28870672
4457.1,0.296177
4458.28,0.29071981
4459.46,0.28563696
4460.64,0.27576992
4461.82,0.28063673
4463.0,0.27630493
4464.18,0.28262413
4465.36,0.29411954
4466.54,0.27167338
4467.72,0.28051808
4468.9,0.28735459
4470.08,0.29209086
4471.26,0.28348461
4472.44,0.2838071
4473.62,0.28593531
4474.8,0.28902686
4475.98,0.2853311
4477.16,0.28565156
4478.34,0.3012858
4479.52,0.30134061
4480.7,0.29139692
4481.88,0.28957698
4483.06,0.30055037
4484.24,0.33230913
4485.42,0.36176246
4486.6,0.35089916
4487.78,0.32031932
4488.96,0.28748879
4490.14,0.29370365
4491.32,0.29882434
4492.5,0.29187152
4493.68,0.30532542
4494.86,0.3064582
4496.04,0.31528738
4497.22,0.30340147
4498.4,0.30232015
4499.58,0.31528506
4500.76,0.31593636
4501.94,0.3148092
4503.12,0.31315187
4504.3,0.32344159
4505.48,0.31947467
4506.66,0.31733808
4507.84,0.31732243
4509.02,0.31425077
4510.2,0.32965076
4511.38,0.31980783
4512.56,0.31246275
4513.74,0.32425413
4514.92,0.33897626
4516.1,0.32272983
4517.28,0.31986755
4518.46,0.33003679
4519.64,0.30590338
4520.82,0.30558187
4522.0,0.31400511
4523.18,0.31297109
4524.36,0.30873072
4525.54,0.31548348
4526.72,0.32134905
4527.9,0.32584304
4529.08,0.32152253
4530.26,0.33255196
4531.44,0.32242942
4532.62,0.31969658
4533.8,0.33366621
4534.98,0.32726914
4536.16,0.32267824
4537.34,0.32539171
4538.52,0.32058588
4539.7,0.31776574
4540.88,0.31840062
4542.06,0.32438853
4543.24,0.34234208
4544.42,0.33281663
4545.6,0.31203336
4546.78,0.33067888
4547.96,0.34353742
4549.14,0.32927823
4550.32,0.32306907
4551.5,0.32971448
4552.68,0.33436382
4553.86,0.32581782
4555.04,0.33325285
4556.22,0.3260327
4557.4,0.31955299
4558.58,0.3301672
4559.76,0.33444336
4560.94,0.32967937
4562.12,0.33140811
4563.3,0.3304238
4564.48,0.32604921
4565.66,0.34258053
4566.84,0.3347804
4568.02,0.33114973
4569.2,0.31740701
4570.38,0.3094973
4571.56,0.32100591
4572.74,0.33124238
4573.92,0.32458729
4575.1,0.32370928
4576.28,0.33031139
4577.46,0.3367607
4578.64,0.33552364
4579.82,0.33507887
4581.0,0.3353036
4582.18,0.33579469
4583.36,0.32450104
4584.54,0.33609572
4585.72,0.33381951
4586.9,0.31977782
4588.08,0.331323
4589.26,0.33759749
4590.44,0.32845762
4591.62,0.3290804
4592.8,0.33513746
4593.98,0.33101505
4595.16,0.3266547
4596.34,0.32798341
4597.52,0.322824
4598.7,0.31698468
4599.88,0.30917034
4601.06,0.30976659
4602.24,0.31106782
4603.42,0.3189294
4604.6,0.31799066
4605.78,0.32148686
4606.96,0.32538304
4608.14,0.3184742
4609.32,0.30673027
4610.5,0.31759825
4611.68,0.32714579
4612.86,0.32268116
4614.04,0.30762315
4615.22,0.32007164
4616.4,0.31707051
4617.58,0.30824345
4618.76,0.29902878
4619.94,0.30884326
4621.12,0.32013714
4622.3,0.31435561
4623.48,0.3149074
4624.66,0.31727225
4625.84,0.31877261
4627.02,0.316156
4628.2,0.31548256
4629.38,0.31641331
4630.56,0.31355387
4631.74,0.31995049
4632.92,0.30492356
4634.1,0.3039681
4635.28,0.32405522
4636.46,0.31984526
4637.64,0.3121863
4638.82,0.31653383
4640.0,0.3198801
4641.18,0.31228903
4642.36,0.30178645
4643.54,0.31051883
4644.72,0.31174621
4645.9,0.31177026
4647.08,0.31167439
4648.26,0.31230617
4649.44,0.31542519
4650.62,0.31515551
4651.8,0.30964708
4652.98,0.30484617
4654.16,0.29980966
4655.34,0.30050763
4656.52,0.31250715
4657.7,0.31105956
4658.88,0.31472364
4660.06,0.32895058
4661.24,0.32531363
4662.42,0.31444871
4663.6,0.30339888
4664.78,0.30238411
4665.96,0.30953902
4667.14,0.3060047
4668.32,0.31671578
4669.5,0.3146494
4670.68,0.29631177
4671.86,0.30746499
4673.04,0.31154853
4674.22,0.30362582
4675.4,0.30802605
4676.58,0.29690528
4677.76,0.28918177
4678.94,0.2961846
4680.12,0.29793343
4681.3,0.28968886
4682.48,0.28103682
4683.66,0.28744781
4684.84,0.29932457
4686.02,0.30316088
4687.2,0.31356657
4688.38,0.30715483
4689.56,0.29357475
4690.74,0.29986277
4691.92,0.29680994
4693.1,0.28536853
4694.28,0.29126489
4695.46,0.29688746
4696.64,0.27868497
4697.82,0.26830396
4699.0,0.28871164
4700.18,0.29631242
4701.36,0.2892907
4702.54,0.29798076
4703.72,0.29739004
4704.9,0.28559402
4706.08,0.28138193
4707.26,0.27901363
4708.44,0.28176779
4709.62,0.28746703
4710.8,0.28687769
4711.98,0.28334165
4713.16,0.28283104
4714.34,0.29123154
4715.52,0.2983838
4716.7,0.28997034
4717.88,0.28813747
4719.06,0.29422876
4720.24,0.29229924
4721.42,0.28946909
4722.6,0.28997609
4723.78,0.29483348
4724.96,0.28683677
4726.14,0.27996594
4727.32,0.29237464
4728.5,0.29516685
4729.68,0.28461781
4730.86,0.28688547
4732.04,0.28834644
4733.22,0.28644249
4734.4,0.2906588
4735.58,0.29099235
4736.76,0.28875136
4737.94,0.28932461
4739.12,0.29312626
4740.3,0.29450431
4741.48,0.29209587
4742.66,0.30018243
4743.84,0.30154228
4745.02,0.2917434
4746.2,0.29460013
4747.38,0.2912305
4748.56,0.28341252
4749.74,0.29018667
4750.92,0.30013841
4752.1,0.29824769
4753.28,0.29917663
4754.46,0.29866585
4755.64,0.30384541
4756.82,0.30240586
4758.0,0.29524666
4759.18,0.29450235
4760.36,0.29152548
4761.54,0.29236585
4762.72,0.2945841
4763.9,0.30369195
4765.08,0.30540454
4766.26,0.29069698
4767.44,0.28331545
4768.62,0.28624484
4769.8,0.27930897
4770.98,0.29587212
4772.16,0.3087782
4773.34,0.30204654
4774.52,0.29955661
4775.7,0.29942018
4776.88,0.29427335
4778.06,0.29904813
4779.24,0.30307332
4780.42,0.28849456
4781.6,0.28432599
4782.78,0.28344291
4783.96,0.29241583
4785.14,0.30157718
4786.32,0.29347891
4787.5,0.28527391
4788.68,0.28486007
4789.86,0.28443405
4791.04,0.28325608
4792.22,0.29179299
4793.4,0.30120388
4794.58,0.28774011
4795.76,0.29243496
4796.94,0.29504138
4798.12,0.2939173
4799.3,0.28835592
4800.48,0.28900716
4801.66,0.29014263
4802.84,0.29103288
4804.02,0.28671828
4805.2,0.29048681
4806.38,0.29829699
4807.56,0.29360336
4808.74,0.29675704
4809.92,0.2991221
4811.1,0.29152542
4812.28,0.29363924
4813.46,0.3000204
4814.64,0.2969946
4815.82,0.29614109
4817.0,0.29821146
4818.18,0.30108112
4819.36,0.2898227
4820.54,0.28971642
4821.72,0.27717206
4822.9,0.27958718
4824.08,0.2862744
4825.26,0.2797839
4826.44,0.28178397
4827.62,0.29286924
4828.8,0.27721223
4829.98,0.28725436
4831.16,0.29455864
4832.34,0.30310223
4833.52,0.29732963
4834.7,0.28308371
4835.88,0.2797592
4837.06,0.28786838
4838.24,0.29263917
4839.42,0.29381761
4840.6,0.29501325
4841.78,0.28544229
4842.96,0.28315857
4844.14,0.29192987
4845.32,0.29243326
4846.5,0.2859683
4847.68,0.28889123
4848.86,0.29785368
4850.04,0.30404603
4851.22,0.30377904
4852.4,0.28933376
4853.58,0.28533468
4854.76,0.28466403
4855.94,0.28030866
4857.12,0.29171208
4858.3,0.29886559
4859.48,0.2949172
4860.66,0.29035869
4861.84,0.28132698
4863.02,0.28244874
4864.2,0.2896466
4865.38,0.28945485
4866.56,0.29375449
4867.74,0.29076996
4868.92,0.28229904
4870.1,0.28575265
4871.28,0.28866687
4872.46,0.29808637
4873.64,0.29114577
4874.82,0.28228644
4876.0,0.2868152
4877.18,0.29334679
4878.36,0.29052976
4879.54,0.28542638
4880.72,0.29274333
4881.9,0.29336143
4883.08,0.28670558
4884.26,0.28113648
4885.44,0.27602902
4886.62,0.26776043
4887.8,0.26685244
4888.98,0.27685359
4890.16,0.29035118
4891.34,0.29815412
4892.52,0.28969294
4893.7,0.291403
4894.88,0.28853998
4896.06,0.2801623
4897.24,0.27294409
4898.42,0.29886064
4899.6,0.29253322
4900.78,0.27996096
4901.96,0.27701348
4903.14,0.27716786
4904.32,0.28940699
4905.5,0.28461847
4906.68,0.27956238
4907.86,0.28855324
4909.04,0.29045805
4910.22,0.29040477
4911.4,0.28236672
4912.58,0.28486669
4913.76,0.28997576
4914.94,0.28447118
4916.12,0.29139048
4917.3,0.28072238
4918.48,0.27470902
4919.66,0.27920976
4920.84,0.28424811
4922.02,0.27651054
4923.2,0.27094406
4924.38,0.27462173
4925.56,0.28164315
4926.74,0.28003266
4927.92,0.27336332
4929.1,0.27461699
4930.28,0.27968085
4931.46,0.27079883
4932.64,0.26763079
4933.82,0.27674514
4935.0,0.28075781
4936.18,0.27863002
4937.36,0.28643012
4938.54,0.27801731
4939.72,0.26622161
4940.9,0.27596855
4942.08,0.27653545
4943.26,0.28134847
4944.44,0.28705499
4945.62,0.27199593
4946.8,0.26607382
4947.98,0.26936665
4949.16,0.27226114
4950.34,0.27918756
4951.52,0.27812847
4952.7,0.2719036
4953.88,0.27547252
4955.06,0.28375429
4956.24,0.28310901
4957.42,0.28678176
4958.6,0.28158146
4959.78,0.27170002
4960.96,0.27266943
4962.14,0.27351972
4963.32,0.27638349
4964.5,0.27264744
4965.68,0.28811631
4966.86,0.29177865
4968.04,0.28763357
4969.22,0.29112533
4970.4,0.28052506
4971.58,0.27773139
4972.76,0.27443734
4973.94,0.28195566
4975.12,0.27339649
4976.3,0.27595803
4977.48,0.28304136
4978.66,0.2762087
4979.84,0.28058359
4981.02,0.2870515
4982.2,0.28407857
4983.38,0.27755594
4984.56,0.27671233
4985.74,0.27644303
4986.92,0.27760726
4988.1,0.27591053
4989.28,0.2722412
4990.46,0.28388175
4991.64,0.28957742
4992.82,0.28661278
4994.0,0.27869457
4995.18,0.28308222
4996.36,0.27518421
4997.54,0.28408837
4998.72,0.27880195
4999.9,0.27167413
5001.08,0.28781506
5002.26,0.28807676
5003.44,0.28468195
5004.62,0.28910419
5005.8,0.2972436
5006.98,0.29221317
5008.16,0.28855023
5009.34,0.280397
5010.52,0.27624419
5011.7,0.28115261
5012.88,0.28185254
5014.06,0.28963217
5015.24,0.27787924
5016.42,0.2765637
5017.6,0.28138706
5018.78,0.28081116
5019.96,0.2857677
5021.14,0.31045413
5022.32,0.35835913
5023.5,0.43760386
5024.68,0.43619242
5025.86,0.35636517
5027.04,0.29684681
5028.22,0.27526894
5029.4,0.27629924
5030.58,0.27884635
5031.76,0.28392613
5032.94,0.28741354
5034.12,0.28464857
5035.3,0.27679765
5036.48,0.2744731
5037.66,0.27369753
5038.84,0.28207591
5040.02,0.28679892
5041.2,0.28037721
5042.38,0.29196689
5043.56,0.28794092
5044.74,0.28441614
5045.92,0.28771645
5047.1,0.28043899
5048.28,0.26944646
5049.46,0.27860704
5050.64,0.27707085
5051.82,0.28761292
5053.0,0.28336659
5054.18,0.28756547
5055.36,0.28422615
5056.54,0.28091487
5057.72,0.28754276
5058.9,0.28867635
5060.08,0.29803032
5061.26,0.29450944
5062.44,0.28476176
5063.62,0.27256691
5064.8,0.28893453
5065.98,0.28346214
5067.16,0.28046077
5068.34,0.28699312
5069.52,0.29241276
5070.7,0.28340068
5071.88,0.28391787
5073.06,0.28538576
5074.24,0.29229531
5075.42,0.28069991
5076.6,0.28106532
5077.78,0.29193062
5078.96,0.27588129
5080.14,0.28910419
5081.32,0.29808298
5082.5,0.29102811
5083.68,0.2954036
5084.86,0.28619888
5086.04,0.29711637
5087.22,0.29521492
5088.4,0.29728529
5089.58,0.28666422
5090.76,0.29255408
5091.94,0.30247167
5093.12,0.30532265
5094.3,0.29716465
5095.48,0.29539779
5096.66,0.3007021
5097.84,0.30303791
5099.02,0.29932311
5100.2,0.30150881
5101.38,0.30186853
5102.56,0.30444783
5103.74,0.30652633
5104.92,0.29838756
5106.1,0.29681456
5107.28,0.30247861
5108.46,0.31115991
5109.64,0.30601352
5110.82,0.29875606
5112.0,0.30681366
5113.18,0.30102092
5114.36,0.29677656
5115.54,0.28573263
5116.72,0.3016786
5117.9,0.30308855
5119.08,0.30341664
5120.26,0.31599826
5121.44,0.33514473
5122.62,0.37717301
5123.8,0.49402481
5124.98,0.54471856
5126.16,0.47626865
5127.34,0.36346889
5128.52,0.31389773
5129.7,0.31837499
5130.88,0.31893542
5132.06,0.31752115
5133.24,0.32987326
5134.42,0.31681988
5135.6,0.31567174
5136.78,0.31836686
5137.96,0.31476805
5139.14,0.30966604
5140.32,0.3182537
5141.5,0.31972471
5142.68,0.30695882
5143.86,0.31009167
5145.04,0.31269017
5146.22,0.31238586
5147.4,0.30720171
5148.58,0.30480012
5149.76,0.30092037
5150.94,0.30951142
5152.12,0.31967521
5153.3,0.31532526
5154.48,0.31858653
5155.66,0.32267809
5156.84,0.32219315
5158.02,0.31272614
5159.2,0.30866781
5160.38,0.3100979
5161.56,0.30503276
5162.74,0.30897635
5163.92,0.31350473
5165.1,0.3062458
5166.28,0.310211
5167.46,0.32455999
5168.64,0.31440404
5169.82,0.31406808
5171.0,0.36215156
5172.18,0.53545976
5173.36,0.85145009
5174.54,1.0033462
5175.72,0.78107035
5176.9,0.48593962
5178.08,0.35803217
5179.26,0.32164979
5180.44,0.32672909
5181.62,0.33115649
5182.8,0.32662752
5183.98,0.31513807
5185.16,0.30823383
5186.34,0.32474634
5187.52,0.32459274
5188.7,0.31471142
5189.88,0.32601857
5191.06,0.3237226
5192.24,0.32337186
5193.42,0.32271501
5194.6,0.31601268
5195.78,0.31673729
5196.96,0.32037491
5198.14,0.32458916
5199.32,0.32499266
5200.5,0.32066885
5201.68,0.32931095
5202.86,0.33084515
5204.04,0.31651098
5205.22,0.31727228
5206.4,0.32407686
5207.58,0.32275143
5208.76,0.3245199
5209.94,0.32190335
5211.12,0.31496972
5212.3,0.32894647
5213.48,0.33264565
5214.66,0.3297517
5215.84,0.32979038
5217.02,0.32335237
5218.2,0.33251649
5219.38,0.32882389
5220.56,0.3181501
5221.74,0.33083501
5222.92,0.33340016
5224.1,0.3327094
5225.28,0.33972529
5226.46,0.33581501
5227.64,0.32725734
5228.82,0.32809532
5230.0,0.33030128
5231.18,0.32904893
5232.36,0.33473873
5233.54,0.33504632
5234.72,0.3291001
5235.9,0.32885742
5237.08,0.33114547
5238.26,0.33488968
5239.44,0.33479106
5240.62,0.33734798
5241.8,0.33636281
5242.98,0.3222467
5244.16,0.32479957
5245.34,0.33751568
5246.52,0.33921871
5247.7,0.33769965
5248.88,0.33650813
5250.06,0.33344308
5251.24,0.32943207
5252.42,0.33270004
5253.6,0.33417794
5254.78,0.32741764
5255.96,0.32671025
5257.14,0.34219626
5258.32,0.34465152
5259.5,0.33335829
5260.68,0.33950573
5261.86,0.33980745
5263.04,0.33110094
5264.22,0.33230498
5265.4,0.33516353
5266.58,0.33379263
5267.76,0.32543117
5268.94,0.32541984
5270.12,0.33559853
5271.3,0.34165674
5272.48,0.34463251
5273.66,0.33326787
5274.84,0.32633334
5276.02,0.33616492
5277.2,0.34087974
5278.38,0.34185344
5279.56,0.337533
5280.74,0.32956094
5281.92,0.32983479
5283.1,0.33325937
5284.28,0.33945313
5285.46,0.33907941
5286.64,0.34069943
5287.82,0.35603705
5289.0,0.35102096
5290.18,0.34359342
5291.36,0.34450945
5292.54,0.3415544
5293.72,0.333942
5294.9,0.33267066
5296.08,0.34011981
5297.26,0.33968055
5298.44,0.33695504
5299.62,0.33555922
5300.8,0.3363786
5301.98,0.33956084
5303.16,0.33960137
5304.34,0.34009039
5305.52,0.34242517
5306.7,0.34290093
5307.88,0.33770233
5309.06,0.34168869
5310.24,0.34290791
5311.42,0.34040424
5312.6,0.34893066
5313.78,0.35287228
5314.96,0.34692228
5316.14,0.3389011
5317.32,0.34988293
5318.5,0.33796877
5319.68,0.33525166
5320.86,0.35081732
5322.04,0.34987009
5323.22,0.3423517
5324.4,0.33672422
5325.58,0.34641975
5326.76,0.3532643
5327.94,0.34917241
5329.12,0.3488493
5330.3,0.34291288
5331.48,0.34406501
5332.66,0.34620288
5333.84,0.35055405
5335.02,0.34604618
5336.2,0.33169383
5337.38,0.32742965
5338.56,0.33705986
5339.74,0.33420333
5340.92,0.33044916
5342.1,0.34006324
5343.28,0.335576
5344.46,0.33102605
5345.64,0.33895004
5346.82,0.33563301
5348.0,0.33424029
5349.18,0.34267798
5350.36,0.34758267
5351.54,0.34865761
5352.72,0.3487899
5353.9,0.34477839
5355.08,0.33675632
5356.26,0.33883682
5357.44,0.3443135
5358.62,0.34228
5359.8,0.33822238
5360.98,0.35317212
5362.16,0.35313916
5363.34,0.34663516
5364.52,0.3343204
5365.7,0.33895087
5366.88,0.34265286
5368.06,0.33220983
5369.24,0.33550599
5370.42,0.33847198
5371.6,0.33933449
5372.78,0.3492153
5373.96,0.35709593
5375.14,0.34765804
5376.32,0.34293717
5377.5,0.34543249
5378.68,0.34462157
5379.86,0.35520104
5381.04,0.35075495
5382.22,0.34633142
5383.4,0.34357727
5384.58,0.34972823
5385.76,0.34595641
5386.94,0.33861583
5388.12,0.3326852
5389.3,0.33408767
5390.48,0.33967459
5391.66,0.33771494
5392.84,0.34502146
5394.02,0.34829819
5395.2,0.34106472
5396.38,0.33463144
5397.56,0.34179464
5398.74,0.34467748
5399.92,0.34302741
5401.1,0.33383149
5402.28,0.33394998
5403.46,0.34739724
5404.64,0.33932987
5405.82,0.35071066
5407.0,0.33845207
5408.18,0.32551116
5409.36,0.32292458
5410.54,0.32979149
5411.72,0.33234355
5412.9,0.33971536
5414.08,0.3422851
5415.26,0.34370142
5416.44,0.33428955
5417.62,0.33744341
5418.8,0.34202692
5419.98,0.32509971
5421.16,0.34072646
5422.34,0.34306234
5423.52,0.33489281
5424.7,0.33009991
5425.88,0.32627138
5427.06,0.33326125
5428.24,0.34002611
5429.42,0.34063342
5430.6,0.33397207
5431.78,0.33064377
5432.96,0.3298485
5434.14,0.33435163
5435.32,0.32758975
5436.5,0.32974026
5437.68,0.32315156
5438.86,0.33041781
5440.04,0.33458957
5441.22,0.31831881
5442.4,0.33297732
5443.58,0.3426536
5444.76,0.34668827
5445.94,0.33695254
5447.12,0.32679167
5448.3,0.3201381
5449.48,0.32855871
5450.66,0.33330777
5451.84,0.32325822
5453.02,0.32219896
5454.2,0.32182264
5455.38,0.33280882
5456.56,0.34031481
5457.74,0.33585462
5458.92,0.34557748
5460.1,0.34351182
5461.28,0.32568371
5462.46,0.32963601
5463.64,0.33889887
5464.82,0.33899051
5466.0,0.32601762
5467.18,0.3264994
5468.36,0.32409349
5469.54,0.32787013
5470.72,0.33060205
5471.9,0.33500797
5473.08,0.32839343
5474.26,0.31662065
5475.44,0.3095372
5476.62,0.34160337
5477.8,0.3355428
5478.98,0.33737686
5480.16,0.33090827
5481.34,0.33114964
5482.52,0.32940558
5483.7,0.34033197
5484.88,0.33240357
5486.06,0.33249232
5487.24,0.33218154
5488.42,0.33458528
5489.6,0.31919783
5490.78,0.32898566
5491.96,0.33788648
5493.14,0.33265847
5494.32,0.3301363
5495.5,0.33955017
5496.68,0.32479876
5497.86,0.34431437
5499.04,0.33423185
5500.22,0.31651962
5501.4,0.31791297
5502.58,0.34080097
5503.76,0.32549423
5504.94,0.32423165
5506.12,0.3254801
5507.3,0.31840423
5508.48,0.3311086
5509.66,0.33150023
5510.84,0.33505383
5512.02,0.33021551
5513.2,0.33322838
5514.38,0.34002978
5515.56,0.32802993
5516.74,0.32183465
5517.92,0.32220593
5519.1,0.30540603
5520.28,0.32029396
5521.46,0.33836827
5522.64,0.32925266
5523.82,0.32163844
5525.0,0.31982067
5526.18,0.32963902
5527.36,0.33113894
5528.54,0.33191216
5529.72,0.32747486
5530.9,0.33084115
5532.08,0.33206117
5533.26,0.3185648
5534.44,0.33228299
5535.62,0.31891128
5536.8,0.3215017
5537.98,0.33471408
5539.16,0.32694116
5540.34,0.33810061
5541.52,0.33015224
5542.7,0.32296252
5543.88,0.31484482
5545.06,0.30723903
5546.24,0.32733801
5547.42,0.33455414
5548.6,0.3337383
5549.78,0.33648512
5550.96,0.31384006
5552.14,0.32143983
5553.32,0.33984214
5554.5,0.33142206
5555.68,0.32258865
5556.86,0.31401944
5558.04,0.3175461
5559.22,0.32964471
5560.4,0.3372739
5561.58,0.3153277
5562.76,0.31073949
5563.94,0.32835424
5565.12,0.34095964
5566.3,0.3244932
5567.48,0.33738369
5568.66,0.31258073
5569.84,0.30911705
5571.02,0.31373346
5572.2,0.32433814
5573.38,0.33641878
5574.56,0.37027925
5575.74,0.39028189
5576.92,0.33480209
5578.1,0.35512245
5579.28,0.34188175
5580.46,0.33330244
5581.64,0.31622174
5582.82,0.30939367
5584.0,0.32586867
5585.18,0.3139416
5586.36,0.3106724
5587.54,0.31862628
5588.72,0.31234932
5589.9,0.31916848
5591.08,0.32961765
5592.26,0.32490018
5593.44,0.31733978
5594.62,0.31929284
5595.8,0.31529588
5596.98,0.30127451
5598.16,0.31045884
5599.34,0.3120735
5600.52,0.3186757
5601.7,0.32543099
5602.88,0.31345084
5604.06,0.32353035
5605.24,0.32728618
5606.42,0.32956484
5607.6,0.32233334
5608.78,0.31644189
5609.96,0.31252557
5611.14,0.3195608
5612.32,0.32445434
5613.5,0.31284109
5614.68,0.31372184
5615.86,0.32410443
5617.04,0.32450104
5618.22,0.31951529
5619.4,0.31564319
5620.58,0.31563523
5621.76,0.3147645
5622.94,0.31730357
5624.12,0.31171191
5625.3,0.3147324
5626.48,0.31476477
5627.66,0.32009503
5628.84,0.31713763
5630.02,0.31681713
5631.2,0.30746958
5632.38,0.30606511
5633.56,0.31277901
5634.74,0.31690404
5635.92,0.31597364
5637.1,0.30812925
5638.28,0.30268046
5639.46,0.30264318
5640.64,0.31210706
5641.82,0.31955013
5643.0,0.30238414
5644.18,0.31741431
5645.36,0.31841236
5646.54,0.30422607
5647.72,0.3084372
5648.9,0.32150421
5650.08,0.32559448
5651.26,0.31213912
5652.44,0.32049242
5653.62,0.31916311
5654.8,0.30171284
5655.98,0.31125599
5657.16,0.32147539
5658.34,0.3169992
5659.52,0.3181532
5660.7,0.30739018
5661.88,0.30522344
5663.06,0.30607516
5664.24,0.31101128
5665.42,0.31428298
5666.6,0.31068745
5667.78,0.31759924
5668.96,0.31886822
5670.14,0.31220856
5671.32,0.30643749
5672.5,0.30438995
5673.68,0.30041009
5674.86,0.31769696
5676.04,0.31317788
5677.22,0.30934116
5678.4,0.31782806
5679.58,0.32513511
5680.76,0.32020342
5681.94,0.31082889
5683.12,0.31957173
5684.3,0.32504371
5685.48,0.32528695
5686.66,0.31166694
5687.84,0.31307402
5689.02,0.33330512
5690.2,0.33510512
5691.38,0.32755426
5692.56,0.3287451
5693.74,0.3207652
5694.92,0.32050103
5696.1,0.31892604
5697.28,0.31822181
5698.46,0.32125947
5699.64,0.3190957
5700.82,0.32267547
5702.0,0.31609634
5703.18,0.31935522
5704.36,0.32833999
5705.54,0.32391122
5706.72,0.32538703
5707.9,0.31993118
5709.08,0.30291656
5710.26,0.29944861
5711.44,0.30963954
5712.62,0.32031471
5713.8,0.31120646
5714.98,0.30808261
5716.16,0.31407094
5717.34,0.31064165
5718.52,0.31157848
5719.7,0.30392763
5720.88,0.29661429
5722.06,0.30233034
5723.24,0.29691333
5724.42,0.30556864
5725.6,0.31996191
5726.78,0.30428633
5727.96,0.31018344
5729.14,0.31900224
5730.32,0.3206296
5731.5,0.31728965
5732.68,0.30873123
5733.86,0.30589315
5735.04,0.30778572
5736.22,0.30473509
5737.4,0.3104932
5738.58,0.31627029
5739.76,0.30904537
5740.94,0.30757454
5742.12,0.31009957
5743.3,0.30879125
5744.48,0.30152801
5745.66,0.29285467
5746.84,0.30225518
5748.02,0.31863785
5749.2,0.30972052
5750.38,0.30389228
5751.56,0.31122747
5752.74,0.31265637
5753.92,0.31567526
5755.1,0.31832924
5756.28,0.31881112
5757.46,0.31804857
5758.64,0.31597444
5759.82,0.31181785
5761.0,0.31131378
5762.18,0.31487158
5763.36,0.31721872
5764.54,0.31191278
5765.72,0.31571591
5766.9,0.32122907
5768.08,0.31088513
5769.26,0.31281957
5770.44,0.31571677
5771.62,0.30318409
5772.8,0.30240893
5773.98,0.30435985
5775.16,0.30058989
5776.34,0.29893205
5777.52,0.30253416
5778.7,0.31075469
5779.88,0.30800158
5781.06,0.30340278
5782.24,0.31216577
5783.42,0.31676394
5784.6,0.31275976
5785.78,0.31758967
5786.96,0.3176409
5788.14,0.31289202
5789.32,0.3217316
5790.5,0.32595453
5791.68,0.30506381
5792.86,0.31275064
5794.04,0.32219982
5795.22,0.30984089
5796.4,0.30377653
5797.58,0.30709121
5798.76,0.30992225
5799.94,0.310206
5801.12,0.31530747
5802.3,0.31007805
5803.48,0.30562544
5804.66,0.30584446
5805.84,0.30735773
5807.02,0.30337876
5808.2,0.30996266
5809.38,0.31344312
5810.56,0.29454672
5811.74,0.29526344
5812.92,0.30868417
5814.1,0.31432778
5815.28,0.30790368
5816.46,0.30334121
5817.64,0.30741322
5818.82,0.31225404
5820.0,0.31875354
5821.18,0.30718321
5822.36,0.29711637
5823.54,0.29322261
5824.72,0.29450601
5825.9,0.30394837
5827.08,0.30441073
5828.26,0.30696976
5829.44,0.31434324
5830.62,0.30864742
5831.8,0.30675396
5832.98,0.31265035
5834.16,0.30053666
5835.34,0.29322118
5836.52,0.30460826
5837.7,0.30804315
5838.88,0.3083322
5840.06,0.29874223
5841.24,0.29117435
5842.42,0.29191577
5843.6,0.29945081
5844.78,0.30156821
5845.96,0.30151266
5847.14,0.31186387
5848.32,0.3007431
5849.5,0.29908907
5850.68,0.31230119
5851.86,0.31103826
5853.04,0.30008399
5854.22,0.29873902
5855.4,0.30863494
5856.58,0.29866406
5857.76,0.28152135
5858.94,0.28734931
5860.12,0.29622281
5861.3,0.30654424
5862.48,0.30147126
5863.66,0.29601043
5864.84,0.29121655
5866.02,0.28375128
5867.2,0.29606438
5868.38,0.31185853
5869.56,0.30885151
5870.74,0.29553932
5871.92,0.29822257
5873.1,0.30049044
5874.28,0.30262417
5875.46,0.30164805
5876.64,0.30170202
5877.82,0.29199788
5879.0,0.28533483
5880.18,0.29832608
5881.36,0.29407704
5882.54,0.28080854
5883.72,0.29079461
5884.9,0.29091007
5886.08,0.29981452
5887.26,0.29566324
5888.44,0.28368744
5889.62,0.27588212
5890.8,0.28089425
5891.98,0.28436226
5893.16,0.2998018
5894.34,0.29738984
5895.52,0.28027922
5896.7,0.28544357
5897.88,0.29286548
5899.06,0.285678
5900.24,0.28322667
5901.42,0.30251509
5902.6,0.30561826
5903.78,0.29713508
5904.96,0.28534478
5906.14,0.27383247
5907.32,0.28132522
5908.5,0.29205799
5909.68,0.28779939
5910.86,0.29264718
5912.04,0.31102386
5913.22,0.2951324
5914.4,0.2914966
5915.58,0.29751861
5916.76,0.30188686
5917.94,0.29080218
5919.12,0.30178469
5920.3,0.30185592
5921.48,0.29346901
5922.66,0.29699725
5923.84,0.3033708
5925.02,0.30439609
5926.2,0.30263269
5927.38,0.29522988
5928.56,0.28987285
5929.74,0.30612069
5930.92,0.2932041
5932.1,0.29400387
5933.28,0.30835634
5934.46,0.29952687
5935.64,0.29505539
5936.82,0.30639803
5938.0,0.2922748
5939.18,0.29257551
5940.36,0.29186672
5941.54,0.28892416
5942.72,0.29913387
5943.9,0.30334002
5945.08,0.28989944
5946.26,0.27794677
5947.44,0.28075957
5948.62,0.27779853
5949.8,0.2815862
5950.98,0.29071844
5952.16,0.28951818
5953.34,0.29724893
5954.52,0.29669905
5955.7,0.2990576
5956.88,0.28713641
5958.06,0.29142511
5959.24,0.29153347
5960.42,0.30726349
5961.6,0.30782712
5962.78,0.29979765
5963.96,0.28527892
5965.14,0.28501371
5966.32,0.29582289
5967.5,0.28464627
5968.68,0.28855166
5969.86,0.28273186
5971.04,0.28108853
5972.22,0.28655654
5973.4,0.28999269
5974.58,0.29418731
5975.76,0.29027054
5976.94,0.30289638
5978.12,0.29525465
5979.3,0.28615901
5980.48,0.29158872
5981.66,0.29890713
5982.84,0.29161191
5984.02,0.28336054
5985.2,0.28865892
5986.38,0.29370436
5987.56,0.29602075
5988.74,0.27473363
5989.92,0.25915566
5991.1,0.27342811
5992.28,0.28203025
5993.46,0.29416665
5994.64,0.29633978
5995.82,0.29277453
5997.0,0.27899447
5998.18,0.29172981
5999.36,0.29107067
6000.54,0.28486547
6001.72,0.28352186
6002.9,0.28272161
6004.08,0.28207248
6005.26,0.28586209
6006.44,0.28668949
6007.62,0.27785206
6008.8,0.28867951
6009.98,0.30822995
6011.16,0.29990166
6012.34,0.27176055
6013.52,0.28397968
6014.7,0.29444852
6015.88,0.28869224
6017.06,0.29101762
6018.24,0.28135148
6019.42,0.28557941
6020.6,0.27927378
6021.78,0.28378552
6022.96,0.28382254
6024.14,0.29347685
6025.32,0.28503501
6026.5,0.26923484
6027.68,0.27653503
6028.86,0.27160326
6030.04,0.27097449
6031.22,0.27806386
6032.4,0.30224326
6033.58,0.29261404
6034.76,0.28538409
6035.94,0.26944602
6037.12,0.27014697
6038.3,0.27517715
6039.48,0.28389254
6040.66,0.27687883
6041.84,0.27130944
6043.02,0.2725195
6044.2,0.27903751
6045.38,0.26335663
6046.56,0.26382223
6047.74,0.26835978
6048.92,0.26080626
6050.1,0.27354616
6051.28,0.26654303
6052.46,0.27497098
6053.64,0.27279177
6054.82,0.27098018
6056.0,0.28056842
6057.18,0.26031184
6058.36,0.25329643
6059.54,0.25762954
6060.72,0.26530176
6061.9,0.27769876
6063.08,0.27254137
6064.26,0.26981163
6065.44,0.26056597
6066.62,0.26979986
6067.8,0.2645922
6068.98,0.26259878
6070.16,0.26718813
6071.34,0.27204722
6072.52,0.27512223
6073.7,0.2670452
6074.88,0.25947288
6076.06,0.25703496
6077.24,0.25942603
6078.42,0.27034697
6079.6,0.25501129
6080.78,0.25165308
6081.96,0.25036141
6083.14,0.25055933
6084.32,0.25351658
6085.5,0.25113165
6086.68,0.24639434
6087.86,0.23718391
6089.04,0.24671227
6090.22,0.26333541
6091.4,0.24637587
6092.58,0.23736726
6093.76,0.23662782
6094.94,0.2451639
6096.12,0.2419993
6097.3,0.2569266
6098.48,0.2497787
6099.66,0.25096416
6100.84,0.24902524
6102.02,0.2481766
6103.2,0.26648179
6104.38,0.25446954
6105.56,0.25217965
6106.74,0.24346492
6107.92,0.23831595
6109.1,0.24553066
6110.28,0.26329544
6111.46,0.25209782
6112.64,0.24492502
6113.82,0.23673107
6115.0,0.23815942
6116.18,0.2450911
6117.36,0.2476614
6118.54,0.2547577
6119.72,0.26381743
6120.9,0.2553286
6122.08,0.24368931
6123.26,0.24307224
6124.44,0.24116951
6125.62,0.24355297
6126.8,0.23832691
6127.98,0.25314295
6129.16,0.24406362
6130.34,0.25199252
6131.52,0.24162461
6132.7,0.23481639
6133.88,0.24824849
6135.06,0.24843211
6136.24,0.24644546
6137.42,0.25130916
6138.6,0.25026324
6139.78,0.25214636
6140.96,0.25595587
6142.14,0.2576822
6143.32,0.25832695
6144.5,0.25194511
6145.68,0.25066587
6146.86,0.23659876
6148.04,0.23379424
6149.22,0.24429236
6150.4,0.25359884
6151.58,0.25928295
6152.76,0.26413554
6153.94,0.26200154
6155.12,0.24221539
6156.3,0.24766527
6157.48,0.25270495
6158.66,0.24533167
6159.84,0.24754648
6161.02,0.24602982
6162.2,0.24787015
6163.38,0.25267744
6164.56,0.25673935
6165.74,0.2502811
6166.92,0.24283214
6168.1,0.24818669
6169.28,0.25113988
6170.46,0.25201109
6171.64,0.26010805
6172.82,0.24525996
6174.0,0.24822758
6175.18,0.23555253
6176.36,0.23233142
6177.54,0.2438935
6178.72,0.25468779
6179.9,0.25915492
6181.08,0.24395315
6182.26,0.24797939
6183.44,0.25339994
6184.62,0.25112829
6185.8,0.24510387
6186.98,0.24530664
6188.16,0.24845754
6189.34,0.24711962
6190.52,0.24919957
6191.7,0.25176436
6192.88,0.2558324
6194.06,0.2488367
6195.24,0.24676608
6196.42,0.26356432
6197.6,0.26719174
6198.78,0.25643185
6199.96,0.24857089
6201.14,0.24802412
6202.32,0.24923308
6203.5,0.24815506
6204.68,0.2512939
6205.86,0.26154065
6207.04,0.25571746
6208.22,0.25935271
6209.4,0.25321287
6210.58,0.25209928
6211.76,0.26281267
6212.94,0.25333226
6214.12,0.25000417
6215.3,0.25564843
6216.48,0.26009208
6217.66,0.26153991
6218.84,0.25854799
6220.02,0.24820849
6221.2,0.26021859
6222.38,0.26629621
6223.56,0.25318447
6224.74,0.25197241
6225.92,0.25876108
6227.1,0.25920123
6228.28,0.25333637
6229.46,0.24992467
6230.64,0.25353411
6231.82,0.26032007
6233.0,0.26384601
6234.18,0.26790619
6235.36,0.27006486
6236.54,0.27339739
6237.72,0.27289596
6238.9,0.26727566
6240.08,0.25598031
6241.26,0.24814144
6242.44,0.26074642
6243.62,0.26186863
6244.8,0.25179607
6245.98,0.26578999
6247.16,0.2769911
6248.34,0.27880797
6249.52,0.2758159
6250.7,0.27432179
6251.88,0.26669464
6253.06,0.25671738
6254.24,0.2646257
6255.42,0.27304947
6256.6,0.26429015
6257.78,0.25351527
6258.96,0.26027739
6260.14,0.2714228
6261.32,0.27171755
6262.5,0.2662414
6263.68,0.26143181
6264.86,0.26954743
6266.04,0.27143142
6267.22,0.26382792
6268.4,0.26903415
6269.58,0.27173609
6270.76,0.26802403
6271.94,0.26377085
6273.12,0.25587067
6274.3,0.25966308
6275.48,0.26528358
6276.66,0.26129434
6277.84,0.27138975
6279.02,0.27691644
6280.2,0.25715315
6281.38,0.25199401
6282.56,0.24974988
6283.74,0.24473387
6284.92,0.26475716
6286.1,0.27945337
6287.28,0.27066237
6288.46,0.25976142
6289.64,0.26782662
6290.82,0.28227821
6292.0,0.27484816
6293.18,0.25822005
6294.36,0.25956193
6295.54,0.2742953
6296.72,0.28191608
6297.9,0.27152327
6299.08,0.27131864
6300.26,0.27916324
6301.44,0.22403508
6302.62,0.17029715
6303.8,0.22611053
6304.98,0.27606216
6306.16,0.26703152
6307.34,0.26103476
6308.52,0.27342075
6309.7,0.28346691
6310.88,0.26782873
6312.06,0.26846784
6313.24,0.27325547
6314.42,0.26840198
6315.6,0.26495364
6316.78,0.26547065
6317.96,0.26744279
6319.14,0.26576063
6320.32,0.27486125
6321.5,0.27627331
6322.68,0.27372122
6323.86,0.27930126
6325.04,0.28170276
6326.22,0.28006512
6327.4,0.27145815
6328.58,0.26357603
6329.76,0.25905019
6330.94,0.26695544
6332.12,0.28067487
6333.3,0.27804768
6334.48,0.26567066
6335.66,0.27268553
6336.84,0.28196278
6338.02,0.27904207
6339.2,0.28436092
6340.38,0.27537265
6341.56,0.26586932
6342.74,0.27477396
6343.92,0.28386292
6345.1,0.29061368
6346.28,0.28349707
6347.46,0.26918751
6348.64,0.25923541
6349.82,0.2740978
6351.0,0.28690055
6352.18,0.27284998
6353.36,0.27641067
6354.54,0.28252429
6355.72,0.27309754
6356.9,0.26922953
6358.08,0.27601674
6359.26,0.2788994
6360.44,0.27947628
6361.62,0.27207682
6362.8,0.28243959
6363.98,0.29363522
6365.16,0.27670604
6366.34,0.26384324
6367.52,0.27189419
6368.7,0.27915773
6369.88,0.26930782
6371.06,0.26961243
6372.24,0.27509362
6373.42,0.27380651
6374.6,0.27391613
6375.78,0.27456233
6376.96,0.27115667
6378.14,0.27615649
6379.32,0.29075453
6380.5,0.2895239
6381.68,0.27534223
6382.86,0.26933885
6384.04,0.26665199
6385.22,0.26934168
6386.4,0.27775472
6387.58,0.28590173
6388.76,0.28709012
6389.94,0.28056359
6391.12,0.27749088
6392.3,0.26584178
6393.48,0.26418957
6394.66,0.27615514
6395.84,0.27719986
6397.02,0.27379978
6398.2,0.26791418
6399.38,0.27816361
6400.56,0.28335306
6401.74,0.27558705
6402.92,0.27977353
6404.1,0.27159986
6405.28,0.269629
6406.46,0.28676328
6407.64,0.28640318
6408.82,0.27152926
6410.0,0.27262831
6411.18,0.28637874
6412.36,0.27916566
6413.54,0.28122431
6414.72,0.27868631
6415.9,0.27777219
6417.08,0.28248096
6418.26,0.27820998
6419.44,0.27259466
6420.62,0.26841664
6421.8,0.27670684
6422.98,0.27417195
6424.16,0.27584058
6425.34,0.28768325
6426.52,0.28384924
6427.7,0.2655288
6428.88,0.26936445
6430.06,0.28261223
6431.24,0.27855447
6432.42,0.26813823
6433.6,0.27655312
6434.78,0.27206084
6435.96,0.27573451
6437.14,0.27904549
6438.32,0.27575639
6439.5,0.28955659
6440.68,0.28054255
6441.86,0.27391198
6443.04,0.27518335
6444.22,0.2741878
6445.4,0.27909809
6446.58,0.2799727
6447.76,0.28322008
6448.94,0.2761766
6450.12,0.28616056
6451.3,0.29961684
6452.48,0.28527263
6453.66,0.27890816
6454.84,0.28669378
6456.02,0.28324524
6457.2,0.2835373
6458.38,0.2842156
6459.56,0.27985048
6460.74,0.29034281
6461.92,0.29434505
6463.1,0.29342109
6464.28,0.30251941
6465.46,0.28408828
6466.64,0.28334281
6467.82,0.29201943
6469.0,0.29349861
6470.18,0.28411677
6471.36,0.2810958
6472.54,0.29369918
6473.72,0.28970155
6474.9,0.28735414
6476.08,0.27995807
6477.26,0.28902292
6478.44,0.30853367
6479.62,0.29535544
6480.8,0.2774623
6481.98,0.27221036
6483.16,0.27783722
6484.34,0.27977988
6485.52,0.27891526
6486.7,0.29210711
6487.88,0.30617326
6489.06,0.28315389
6490.24,0.28855333
6491.42,0.29947731
6492.6,0.29286018
6493.78,0.28417537
6494.96,0.29964906
6496.14,0.3041186
6497.32,0.30835363
6498.5,0.29624709
6499.68,0.29315102
6500.86,0.29620203
6502.04,0.29215074
6503.22,0.28723139
6504.4,0.28612483
6505.58,0.29756999
6506.76,0.28333327
6507.94,0.27380481
6509.12,0.30326957
6510.3,0.31839412
6511.48,0.30648038
6512.66,0.29280579
6513.84,0.29493928
6515.02,0.32196996
6516.2,0.30153906
6517.38,0.28182539
6518.56,0.30170733
6519.74,0.29144651
6520.92,0.28729612
6522.1,0.29201195
6523.28,0.29365453
6524.46,0.29063961
6525.64,0.2890808
6526.82,0.29474863
6528.0,0.29404369
6529.18,0.29368433
6530.36,0.28784305
6531.54,0.28068104
6532.72,0.26844421
6533.9,0.26742527
6535.08,0.2786178
6536.26,0.27536899
6537.44,0.2705552
6538.62,0.27332962
6539.8,0.27619529
6540.98,0.29158434
6542.16,0.29136884
6543.34,0.26806426
6544.52,0.27130935
6545.7,0.27956733
6546.88,0.27371693
6548.06,0.28132898
6549.24,0.27565253
6550.42,0.27488261
6551.6,0.28624409
6552.78,0.27598244
6553.96,0.27066562
6555.14,0.28160474
6556.32,0.28441298
6557.5,0.27639952
6558.68,0.27090934
6559.86,0.27881292
6561.04,0.269835
6562.22,0.26572081
6563.4,0.28614739
6564.58,0.28595462
6565.76,0.27873126
6566.94,0.2722922
6568.12,0.27366406
6569.3,0.29119709
6570.48,0.27360529
6571.66,0.26887897
6572.84,0.27341923
6574.02,0.27172247
6575.2,0.26863086
6576.38,0.2791073
6577.56,0.27210042
6578.74,0.27303293
6579.92,0.27679598
6581.1,0.27637151
6582.28,0.27485144
6583.46,0.2619372
6584.64,0.26000094
6585.82,0.26404509
6587.0,0.26505068
6588.18,0.26415554
6589.36,0.27232236
6590.54,0.27459386
6591.72,0.26725888
6592.9,0.26442361
6594.08,0.28592777
6595.26,0.29073143
6596.44,0.2652843
6597.62,0.27157161
6598.8,0.27498239
6599.98,0.28077772
6601.16,0.27245203
6602.34,0.27160892
6603.52,0.27051607
6604.7,0.26836866
6605.88,0.26118013
6607.06,0.27604508
6608.24,0.28179824
6609.42,0.270412
6610.6,0.27556047
6611.78,0.27025172
6612.96,0.26522082
6614.14,0.26864761
6615.32,0.27714303
6616.5,0.25069112
6617.68,0.24298818
6618.86,0.27533853
6620.04,0.27609378
6621.22,0.2620953
6622.4,0.26789135
6623.58,0.27110943
6624.76,0.25568703
6625.94,0.25845554
6627.12,0.26306531
6628.3,0.27083746
6629.48,0.26793733
6630.66,0.26248667
6631.84,0.27187875
6633.02,0.27913454
6634.2,0.27091572
6635.38,0.26597971
6636.56,0.2737844
6637.74,0.27068451
6638.92,0.2731699
6640.1,0.26754883
6641.28,0.27055076
6642.46,0.27520025
6643.64,0.28245279
6644.82,0.27504319
6646.0,0.2590135
6647.18,0.26257861
6648.36,0.27434462
6649.54,0.26173198
6650.72,0.26101115
6651.9,0.28736231
6653.08,0.27579972
6654.26,0.27301583
6655.44,0.27043793
6656.62,0.27586371
6657.8,0.26399288
6658.98,0.26098886
6660.16,0.27254629
6661.34,0.26132858
6662.52,0.26080814
6663.7,0.26879722
6664.88,0.26927623
6666.06,0.26076949
6667.24,0.27754879
6668.42,0.27324268
6669.6,0.27492711
6670.78,0.27810329
6671.96,0.26673859
6673.14,0.25807106
6674.32,0.26655731
6675.5,0.26134449
6676.68,0.26110521
6677.86,0.26879466
6679.04,0.27192578
6680.22,0.26833779
6681.4,0.26236472
6682.58,0.27287874
6683.76,0.2709927
6684.94,0.27078182
6686.12,0.26432899
6687.3,0.26288736
6688.48,0.27039579
6689.66,0.27628529
6690.84,0.26325241
6692.02,0.25747839
6693.2,0.26791671
6694.38,0.26180664
6695.56,0.25658473
6696.74,0.27383703
6697.92,0.27341461
6699.1,0.2649152
6700.28,0.27121302
6701.46,0.27267581
6702.64,0.28363204
6703.82,0.27012208
6705.0,0.25334635
6706.18,0.25359604
6707.36,0.26665604
6708.54,0.26111081
6709.72,0.25024885
6710.9,0.26236403
6712.08,0.25784734
6713.26,0.2587533
6714.44,0.26355827
6715.62,0.255317
6716.8,0.25612172
6717.98,0.26443434
6719.16,0.26108265
6720.34,0.25376919
6721.52,0.25293308
6722.7,0.25802907
6723.88,0.25763473
6725.06,0.24879561
6726.24,0.24755691
6727.42,0.24854317
6728.6,0.25611463
6729.78,0.2675491
6730.96,0.26402712
6732.14,0.25426418
6733.32,0.24915846
6734.5,0.250857
6735.68,0.25775757
6736.86,0.25455132
6738.04,0.2420263
6739.22,0.24525189
6740.4,0.25797451
6741.58,0.25081781
6742.76,0.24270947
6743.94,0.251214
6745.12,0.25569794
6746.3,0.25824663
6747.48,0.25446638
6748.66,0.25458017
6749.84,0.2617135
6751.02,0.25222322
6752.2,0.24490693
6753.38,0.24726614
6754.56,0.25311786
6755.74,0.25336802
6756.92,0.2475256
6758.1,0.24629505
6759.28,0.24940589
6760.46,0.24908622
6761.64,0.25087181
6762.82,0.25306553
6764.0,0.24793647
6765.18,0.24731281
6766.36,0.24384531
6767.54,0.2419107
6768.72,0.24761243
6769.9,0.24378741
6771.08,0.25024819
6772.26,0.25184378
6773.44,0.25384983
6774.62,0.25423598
6775.8,0.25340816
6776.98,0.25590444
6778.16,0.26217571
6779.34,0.3114804
6780.52,0.50735581
6781.7,0.76667547
6782.88,0.79447609
6784.06,0.56426233
6785.24,0.34220302
6786.42,0.26462448
6787.6,0.24571307
6788.78,0.23506993
6789.96,0.23570393
6791.14,0.2356368
6792.32,0.23266441
6793.5,0.23756136
6794.68,0.24058543
6795.86,0.24192037
6797.04,0.24189572
6798.22,0.23571226
6799.4,0.24291734
6800.58,0.26354188
6801.76,0.25804782
6802.94,0.24980673
6804.12,0.25634435
6805.3,0.2616646
6806.48,0.24208389
6807.66,0.22568025
6808.84,0.23575507
6810.02,0.23698787
6811.2,0.24300507
6812.38,0.25223696
6813.56,0.24736646
6814.74,0.24103092
6815.92,0.23779504
6817.1,0.23604745
6818.28,0.23936301
6819.46,0.24023026
6820.64,0.24005245
6821.82,0.23248182
6823.0,0.23674521
6824.18,0.24772438
6825.36,0.25588119
6826.54,0.24458447
6827.72,0.22900225
6828.9,0.23259573
6830.08,0.23617211
6831.26,0.23833309
6832.44,0.23582874
6833.62,0.23779333
6834.8,0.24261759
6835.98,0.23408437
6837.16,0.22927509
6838.34,0.22885849
6839.52,0.24037257
6840.7,0.24817146
6841.88,0.24740908
6843.06,0.2420595
6844.24,0.2369442
6845.42,0.22978924
6846.6,0.22915119
6847.78,0.23956338
6848.96,0.24131601
6850.14,0.2308213
6851.32,0.23009132
6852.5,0.24467619
6853.68,0.24477682
6854.86,0.2294884
6856.04,0.21963592
6857.22,0.22601074
6858.4,0.23185837
6859.58,0.23308656
6860.76,0.23354983
6861.94,0.22924593
6863.12,0.22894515
6864.3,0.23717581
6865.48,0.23730561
6866.66,0.21929526
6867.84,0.21754879
6869.02,0.22800271
6870.2,0.22201812
6871.38,0.21539152
6872.56,0.22247873
6873.74,0.22959605
6874.92,0.22301468
6876.1,0.22201572
6877.28,0.23755758
6878.46,0.24101974
6879.64,0.23780923
6880.82,0.23802605
6882.0,0.22683883
6883.18,0.22297977
6884.36,0.22206786
6885.54,0.22126895
6886.72,0.22737595
6887.9,0.22218142
6889.08,0.22008793
6890.26,0.22299591
6891.44,0.22120211
6892.62,0.22725037
6893.8,0.23614158
6894.98,0.2263782
6896.16,0.21969672
6897.34,0.22133018
6898.52,0.21897356
6899.7,0.22623983
6900.88,0.23233934
6902.06,0.2306755
6903.24,0.22891964
6904.42,0.22307855
6905.6,0.21803251
6906.78,0.22449352
6907.96,0.22739661
6909.14,0.22216649
6910.32,0.2224191
6911.5,0.23340443
6912.68,0.23804332
6913.86,0.2176698
6915.04,0.21044436
6916.22,0.21685895
6917.4,0.20798571
6918.58,0.20599815
6919.76,0.21321554
6920.94,0.21472485
6922.12,0.21915261
6923.3,0.23347765
6924.48,0.22904658
6925.66,0.22213584
6926.84,0.2137906
6928.02,0.21374243
6929.2,0.21501701
6930.38,0.21553448
6931.56,0.21100822
6932.74,0.21485801
6933.92,0.21132928
6935.1,0.2144684
6936.28,0.2136265
6937.46,0.22728521
6938.64,0.2309902
6939.82,0.24055521
6941.0,0.24680376
6942.18,0.25648016
6943.36,0.22880247
6944.54,0.20870818
6945.72,0.21330482
6946.9,0.21480113
6948.08,0.20281224
6949.26,0.20626521
6950.44,0.20769368
6951.62,0.20878512
6952.8,0.21567805
6953.98,0.21621104
6955.16,0.21964638
6956.34,0.23351415
6957.52,0.23041888
6958.7,0.21529779
6959.88,0.21061797
6961.06,0.21341161
6962.24,0.20738219
6963.42,0.19659561
6964.6,0.2083481
6965.78,0.20600538
6966.96,0.20566621
6968.14,0.21444666
6969.32,0.20923777
6970.5,0.2128005
6971.68,0.21411152
6972.86,0.21203774
6974.04,0.2153026
6975.22,0.2072354
6976.4,0.20673423
6977.58,0.1995794
6978.76,0.21371947
6979.94,0.21489695
6981.12,0.19986999
6982.3,0.19974746
6983.48,0.20920798
6984.66,0.21890675
6985.84,0.22175132
6987.02,0.2144243
6988.2,0.2038285
6989.38,0.19627048
6990.56,0.19914894
6991.74,0.20000303
6992.92,0.20529968
6994.1,0.20240337
6995.28,0.1942071
6996.46,0.19981848
6997.64,0.2010203
6998.82,0.20159568
7000.0,0.201831
7001.18,0.20731266
7002.36,0.20716994
7003.54,0.19566631
7004.72,0.19370762
7005.9,0.20587771
7007.08,0.20718104
7008.26,0.20205258
7009.44,0.20091382
7010.62,0.19793375
7011.8,0.20260167
7012.98,0.19782123
7014.16,0.19397257
7015.34,0.20451252
7016.52,0.20278737
7017.7,0.20278686
7018.88,0.20963427
7020.06,0.20673122
7021.24,0.19486657
7022.42,0.18898806
7023.6,0.2050835
7024.78,0.20957142
7025.96,0.1933561
7027.14,0.18360305
7028.32,0.19437715
7029.5,0.21376246
7030.68,0.20048247
7031.86,0.18733266
7033.04,0.2036362
7034.22,0.2087481
7035.4,0.19371757
7036.58,0.19667178
7037.76,0.20289534
7038.94,0.2045017
7040.12,0.20431975
7041.3,0.19183506
7042.48,0.19810547
7043.66,0.19468966
7044.84,0.1998215
7046.02,0.19948153
7047.2,0.19378763
7048.38,0.20067737
7049.56,0.18906739
7050.74,0.1882776
7051.92,0.19631039
7053.1,0.18846716
7054.28,0.18801178
7055.46,0.19304775
7056.64,0.18963845
7057.82,0.18839741
7059.0,0.18833904
7060.18,0.20037985
7061.36,0.19985577
7062.54,0.19599621
7063.72,0.19269094
7064.9,0.18897735
7066.08,0.19471394
7067.26,0.19354156
7068.44,0.19619244
7069.62,0.19608721
7070.8,0.18473224
7071.98,0.18807136
7073.16,0.18995009
7074.34,0.19356377
7075.52,0.19728272
7076.7,0.19792193
7077.88,0.1891215
7079.06,0.19040097
7080.24,0.19824909
7081.42,0.21121971
7082.6,0.19094382
7083.78,0.18788144
7084.96,0.19930002
7086.14,0.20431456
7087.32,0.19369586
7088.5,0.19482777
7089.68,0.18873997
7090.86,0.1832009
7092.04,0.18449883
7093.22,0.1991805
7094.4,0.18797868
7095.58,0.19269477
7096.76,0.17891359
7097.94,0.18075529
7099.12,0.19601615
7100.3,0.18977158
7101.48,0.18319239
7102.66,0.2040382
7103.84,0.18994759
7105.02,0.18594824
7106.2,0.19090837
7107.38,0.18582201
7108.56,0.18117182
7109.74,0.18557118
7110.92,0.19224626
7112.1,0.18194745
7113.28,0.19078758
7114.46,0.18355146
7115.64,0.18416251
7116.82,0.18901367
7118.0,0.18202986
7119.18,0.19154501
7120.36,0.19194029
7121.54,0.17797022
7122.72,0.17471398
7123.9,0.18091595
7125.08,0.19132806
7126.26,0.2035659
7127.44,0.18737394
7128.62,0.18052942
7129.8,0.19082671
7130.98,0.18382776
7132.16,0.18194883
7133.34,0.18761681
7134.52,0.20131014
7135.7,0.19964403
7136.88,0.19381592
7138.06,0.19837782
7139.24,0.19670033
7140.42,0.19130336
7141.6,0.18427709
7142.78,0.18740502
7143.96,0.1902376
7145.14,0.1900028
7146.32,0.17377105
7147.5,0.18246864
7148.68,0.18601182
7149.86,0.17888972
7151.04,0.17509559
